{
  "test/flpSandbox.html": 1731423808625,
  "test/testsuite.qunit.js": 1731423808673,
  "test/integration/pages/RedemptionsList.js": 1731423808717,
  "test/integration/opaTests.qunit.js": 1731423808685,
  "test/integration/FirstJourney.js": 1731423808741,
  "test/integration/pages/RedemptionsObjectPage.js": 1731423808717,
  "xs-app.json": 1731440386855,
  "manifest.json": 1731434927298,
  "Component.js": 1731423808517,
  "test/integration/pages/RedemptionsList-dbg.js": 1731423808717,
  "test/integration/pages/RedemptionsList.js.map": 1731440419111,
  "test/testsuite.qunit-dbg.js": 1731423808673,
  "test/testsuite.qunit.js.map": 1731440419111,
  "test/integration/opaTests.qunit-dbg.js": 1731423808685,
  "test/integration/opaTests.qunit.js.map": 1731440419109,
  "test/integration/FirstJourney-dbg.js": 1731423808741,
  "test/integration/FirstJourney.js.map": 1731440419115,
  "test/integration/pages/RedemptionsObjectPage-dbg.js": 1731423808717,
  "test/integration/pages/RedemptionsObjectPage.js.map": 1731440419111,
  "Component-dbg.js": 1731423808517,
  "Component.js.map": 1731440419113,
  "Component-preload.js": 1731440419180,
  "Component-preload.js.map": 1731440419180,
  "test/integration/opaTests.qunit.html": 1731423808685,
  "test/testsuite.qunit.html": 1731423808625,
  "i18n/i18n.properties": 1731423826745,
  "index.html": 1731423808517
}