{
  "test/testsuite.qunit-dbg.js": 1731423686769,
  "test/integration/pages/CustomersObjectPage.js": 1731423686773,
  "test/integration/pages/CustomersList.js": 1731423686773,
  "test/integration/opaTests.qunit.js": 1731423686773,
  "test/integration/FirstJourney.js": 1731423686777,
  "test/testsuite.qunit.js": 1731423686769,
  "xs-app.json": 1731440386855,
  "manifest.json": 1731434927298,
  "Component.js": 1731423686697,
  "test/integration/pages/CustomersList-dbg.js": 1731423686773,
  "test/integration/pages/CustomersList.js.map": 1731440394812,
  "test/integration/pages/CustomersObjectPage-dbg.js": 1731423686773,
  "test/integration/pages/CustomersObjectPage.js.map": 1731440394817,
  "test/integration/opaTests.qunit-dbg.js": 1731423686773,
  "test/integration/opaTests.qunit.js.map": 1731440394811,
  "test/integration/FirstJourney-dbg.js": 1731423686777,
  "test/integration/FirstJourney.js.map": 1731440394828,
  "i18n/i18n.properties": 1731423699413,
  "test/testsuite.qunit.js.map": 1731440394815,
  "Component-dbg.js": 1731423686697,
  "Component.js.map": 1731440394815,
  "Component-preload.js": 1731440394892,
  "Component-preload.js.map": 1731440394892,
  "test/integration/opaTests.qunit.html": 1731423686773,
  "test/testsuite.qunit.html": 1731423686757,
  "test/flpSandbox.html": 1731423686757,
  "index.html": 1731423686697
}