{
  "test/testsuite.qunit.js": 1731423449255,
  "manifest.json": 1731434927298,
  "test/integration/pages/PurchasesList.js": 1731423449287,
  "test/integration/opaTests.qunit.js": 1731423449263,
  "test/integration/FirstJourney.js": 1731423449315,
  "i18n/i18n.properties": 1731423469798,
  "xs-app.json": 1731440386855,
  "test/integration/pages/PurchasesObjectPage.js": 1731423449299,
  "Component.js": 1731423449175,
  "test/integration/pages/PurchasesList-dbg.js": 1731423449287,
  "test/integration/pages/PurchasesList.js.map": 1731440410250,
  "test/integration/opaTests.qunit-dbg.js": 1731423449263,
  "test/integration/opaTests.qunit.js.map": 1731440410260,
  "test/integration/FirstJourney-dbg.js": 1731423449315,
  "test/integration/FirstJourney.js.map": 1731440410265,
  "test/testsuite.qunit-dbg.js": 1731423449255,
  "test/testsuite.qunit.js.map": 1731440410263,
  "test/integration/pages/PurchasesObjectPage-dbg.js": 1731423449299,
  "test/integration/pages/PurchasesObjectPage.js.map": 1731440410253,
  "Component-dbg.js": 1731423449175,
  "Component.js.map": 1731440410254,
  "Component-preload.js": 1731440410345,
  "Component-preload.js.map": 1731440410345,
  "test/integration/opaTests.qunit.html": 1731423449263,
  "test/testsuite.qunit.html": 1731423449239,
  "test/flpSandbox.html": 1731423449239,
  "index.html": 1731423449175
}